Amino Acid,Position 1,Position 2,Position 3,Position 4,Position 5,Position 6,Position 7,Position 8,Position 9,Position 10,Position 11,Position 12,Position 13,Position 14,Position 15,Position 16,Position 17,Position 18,Position 19,Position 20,Position 21,Position 22,Position 23
R,0.0,0.12184268426842684,0.10214794965551612,0.03852047091540407,0.21619453612027867,0.08866232312886461,0.11662223914699163,0.0,0.2497856983444246,0.00018261504747991235,0.0,0.11014851485148515,0.011243369781583253,0.09457251821493624,0.0011111111111111111,9.130752373995617e-05,0.03622385379142136,0.12394499128510367,0.013086594121365236,0.07332274528453465,0.03504807738224751,0.023997162498620602,0.001973215461806512
H,0.0006403688524590163,0.0014245014245014246,0.00610632183908046,0.08870944972291071,0.008961536247078926,0.00035919540229885057,0.0,0.0,0.0,0.00012807377049180329,0.0,0.0,0.003692528735632184,0.12729280510018215,0.0,0.0,9.130752373995617e-05,0.025051044768318043,0.015028831077536829,0.04139388967423015,0.025598198452789725,0.010364370482031246,0.0013773232692151612
K,0.003205128205128205,0.11917182434423813,0.12718255722566066,0.2560336104937732,0.0011111111111111111,0.003984674329501916,0.25369658119658123,0.0011111111111111111,0.0020491803278688526,0.0,0.0,0.12535919540229884,0.3693419049022497,0.12535919540229884,0.0,0.0,0.1663362947146731,0.0007126851596833874,0.006486585965849712,0.07154779833600895,0.03001494217710434,0.012261908478124695,0.0006391526661796933
D,0.0,0.020106441034912607,0.03410534019574094,9.130752373995617e-05,0.0011869978086194303,0.045617816091954026,0.0,0.0,0.0,0.286166846037889,0.0011111111111111111,0.0,9.130752373995617e-05,0.0,0.0,0.12286324786324786,0.0009952780223050493,0.0,0.09725187765728306,0.08166751582197589,0.03155104568415933,0.11760329887297138,0.011685613245845397
E,0.09261255275117676,0.27441800421779855,0.12780296955856135,0.05223230453193175,0.002191380569758948,0.0004565376186997809,9.130752373995617e-05,0.0,9.130752373995617e-05,0.21280440773072704,0.0012376237623762376,0.0,0.05005623469003203,0.00035919540229885057,0.0003652300949598247,0.8538817792255593,0.005176584857674705,0.0018261504747991235,0.060499842379273035,0.033270301427225084,0.05834670518966885,0.07346428058785591,0.03672597339212124
N,0.005445148753968633,0.09530037633733225,0.05603448275862069,0.00641025641025641,0.0,0.002777777777777778,0.09938524590163934,0.0,9.130752373995617e-05,0.11885245901639344,0.0,0.04885057471264368,0.021039754682172715,0.0,0.0,0.0017806267806267807,0.2150073879525738,0.07899036189985897,0.001674266981410084,0.07034119817614272,0.014924287614529085,0.09174491496281748,0.09101022544476244
Q,0.1440698560319462,0.0035211944915520383,0.0,0.008691751935283534,0.020815703365208316,0.0,0.0,0.0,0.00038422131147540983,0.11285609934258582,0.0006391526661796933,0.001643535427319211,0.1960524025422932,0.15181625366486068,9.130752373995617e-05,0.004535751968184401,0.010282198789481688,0.06924669069153948,0.18840398663754737,0.06295899369129875,0.12436232632081656,0.007364592727183041,0.01586940505276945
S,0.1454340571233807,0.04660919540229885,0.027127612898226888,0.12495460861607181,0.15909651813687914,0.24135710945898697,0.26626199336771256,0.0044333870932747035,0.37166150037771656,0.12420031480837039,0.001552227903579255,0.11486486486486487,0.14069965068091908,0.03338142716521095,0.003195763330898466,0.0006391526661796933,0.05925791206929486,0.03864401654346825,0.22016217667011462,0.12883384779936596,0.04565050189971601,0.13248780650638853,0.2051403828064293
T,0.12115415148916955,0.007540413964083429,0.019994588232583398,0.0028404776197123,0.011599011550083312,0.003916093848526281,0.12658355598969265,0.0006391526661796933,0.0020087655222790356,0.010939665413939894,0.0006391526661796933,0.00018261504747991235,0.0,0.09419970906457392,0.0,0.0,0.03529245694902731,0.15415198075491054,0.019318063046602038,0.04648284984917282,0.06549013701355741,0.030694516488138403,0.005468208667837601
C,0.007240465666750558,0.003743868608733474,0.00018261504747991235,0.000493303865451628,0.01975267708026329,0.0,0.0,0.0,0.0,0.0010683760683760685,0.0,0.013613861386138614,0.0,0.12028361521604765,0.0,0.0,0.0021551724137931034,0.0033333333333333335,0.12431793179317932,0.0015968191646750882,0.0095687665401334,0.0033056458673886447,0.025692970822281166
G,0.027069510634602802,0.013247644393086525,0.030860982662679837,0.0026982543874435765,0.016748584199655962,0.13200083615978894,0.1266025641025641,9.130752373995617e-05,0.12004950495049505,0.0012376237623762376,9.130752373995617e-05,0.0011869978086194303,0.0,0.0,0.0,0.000547845142439737,0.29714532274365285,0.12012817577841814,0.006295280238911547,0.024437673666772217,0.00799375261775763,0.09541594668865382,0.10182199996221117
P,0.009485296277498315,0.015991828754899202,0.0013696128560993425,0.18858751875624158,0.19130378221702052,0.22545581444230092,0.0008217677136596055,0.001643535427319211,0.004798327433462569,0.0006391526661796933,0.00018261504747991235,0.0,0.0003652300949598247,0.0,0.0004565376186997809,0.00018261504747991235,0.0012783053323593865,0.006866794028956191,0.003954568941085984,0.03931512829289192,0.04875607883002024,0.077245260590599,0.01944109117935184
A,0.025446677202583118,0.10658553700655664,0.19827860666480313,0.0044333870932747035,0.010907712620855067,0.003195763330898466,0.0008217677136596055,9.130752373995617e-05,0.23773504273504276,0.1234916906655024,0.005387931034482759,9.130752373995617e-05,0.11348921731610455,0.0019174579985390796,0.001552227903579255,0.003652300949598247,0.13697336798426324,0.05512353894488974,0.10937705123155944,0.15213248900477055,0.1333538929491656,0.03236082128221973,0.19486016274627221
V,0.05291579253318209,0.008500089685611166,0.09093116086290101,0.0879291453615778,0.0860380130650401,0.0014609203798392988,0.0033238371013902695,0.9133628621257941,0.004316818825783236,0.001643535427319211,0.023402013383374054,0.07691358167785432,9.130752373995617e-05,0.11194302410518626,0.0007304601899196494,0.001552227903579255,0.003652300949598247,0.00822100731816482,0.0027672345115300366,0.015248112582976894,0.018982407862372305,0.10286764979029132,0.023980618698590927
I,0.06860632183908046,0.0004872691727906539,0.03113970125974446,0.0014609203798392988,0.018162393162393164,0.00018261504747991235,0.0,0.02326923076923077,0.0,0.0,0.11885245901639344,0.4979204906356546,0.0011111111111111111,0.0015937491185015937,0.00035919540229885057,0.0,0.0,0.11343056545136186,0.00012807377049180329,0.0019892671185774632,0.006699249419006344,0.002292921862593994,0.005981073382352735
L,0.0048450613123450885,0.00012807377049180329,0.000896516393442623,0.0017538341675747524,0.053101597692291586,0.04718311053693252,0.0,0.04956896551724138,0.0005555555555555556,0.0,0.8265664162981876,0.002987887539667042,0.0872107627443132,0.12077002075664103,0.0057116924256340905,9.130752373995617e-05,9.130752373995617e-05,0.04630580439020751,0.0,0.017911695479263048,0.09029994446993095,0.005470620618517774,0.015568428519921386
M,0.050517241379310344,0.0,0.0015368852459016393,9.130752373995617e-05,0.00035612535612535614,0.125,0.0,0.0,0.0005555555555555556,0.0,0.014640156868287168,0.00035612535612535614,0.0,0.0,0.0,0.0,0.0,0.0021551724137931034,0.0,0.0016193966566753145,0.006682544491023438,0.0006836293260473589,0.0
F,0.00025614754098360657,0.00035612535612535614,0.0016218450738516475,0.0,0.0026785625865309,0.0,0.0,0.0,0.0,0.0,0.0,0.0,0.0,0.0049504950495049506,0.8567269897490084,0.0032527053720524416,0.001643535427319211,0.022782657917793055,0.0006391526661796933,0.0002739225712198685,0.0034246408570732896,0.0015280891329353585,0.00358948087431694
W,0.0,0.0,0.004807692307692308,0.0,0.0016025641025641025,0.07219827586206896,0.0,0.0,0.00012807377049180329,0.0,0.0,0.0,0.0,0.0,0.0,0.0,0.0,0.0,0.0,0.0,0.0,0.0,0.0013656975328680408
Y,0.0,0.00819088319088319,0.0,0.0,0.04705459770114943,0.0,0.0,0.0,0.0,0.0,0.0,0.0,0.0,0.006045316070068546,0.12464080459770115,0.0,0.0,0.0,0.00035919540229885057,0.0007684426229508197,0.07860052883521536,0.00035612535612535614,9.130752373995617e-05
